category,keyword
Symbols,natural language processing
Symbols,image grammars
Symbols,pattern recognition
Symbols,image matching
Symbols,symbolic reasoning
Symbols,symbolic error analysis
Symbols,pattern analysis
Symbols,symbol processing
Symbols,physical symbol system
Symbols,natural languages
Symbols,pattern analysis
Symbols,image alignment
Symbols,optimal search
Symbols,symbolic reasoning
Symbols,symbolic error analysis
Learning,machine learning
Learning,neural networks
Learning,reinforcement learning
Learning,logic theorist
Learning,bayesian belief networks
Learning,unsupervised learning
Learning,deep learning
Learning,knowledge representation and reasoning
Learning,crowdsourcing and human computation
Learning,neuromorphic computing
Learning,decision making
Learning,machine intelligence
Learning,neural network
Robotics,computer vision
Robotics,robot
Robotics,robots
Robotics,robot systems
Robotics,robotics
Robotics,robotic
Robotics,collaborative systems
Robotics,humanoid robotics
Robotics,sensor network
Robotics,sensor networks
Robotics,sensor data fusion
Robotics,systems and control theory
Robotics,layered control systems
